-- phpMyAdmin SQL Dump
-- version 5.2.1
-- https://www.phpmyadmin.net/
--
-- Host: 127.0.0.1:3308
-- Generation Time: Jul 18, 2023 at 12:38 PM
-- Server version: 10.4.28-MariaDB
-- PHP Version: 8.2.4

SET SQL_MODE = "NO_AUTO_VALUE_ON_ZERO";
START TRANSACTION;
SET time_zone = "+00:00";


/*!40101 SET @OLD_CHARACTER_SET_CLIENT=@@CHARACTER_SET_CLIENT */;
/*!40101 SET @OLD_CHARACTER_SET_RESULTS=@@CHARACTER_SET_RESULTS */;
/*!40101 SET @OLD_COLLATION_CONNECTION=@@COLLATION_CONNECTION */;
/*!40101 SET NAMES utf8mb4 */;

--
-- Database: `ecom_store`
--

-- --------------------------------------------------------

--
-- Table structure for table `about_us`
--

CREATE TABLE `about_us` (
  `about_id` int(10) NOT NULL,
  `about_heading` text NOT NULL,
  `about_short_desc` text NOT NULL,
  `about_desc` text NOT NULL
) ENGINE=InnoDB DEFAULT CHARSET=latin1 COLLATE=latin1_swedish_ci;

--
-- Dumping data for table `about_us`
--

INSERT INTO `about_us` (`about_id`, `about_heading`, `about_short_desc`, `about_desc`) VALUES
(1, 'About Us - Our Story', '\r\nIt is a long established fact that a reader will be distracted by the readable content of a page when looking at its layout. The point of using Lorem Ipsum is that it has a more-or-less normal distribution of letters,\r\n', 'Rhone was the collective vision of a small group of weekday warriors. For years, we were frustrated by the lack of activewear designed for men and wanted something better. With that in mind, we set out to design premium apparel that is made for motion and engineered to endure.\r\n\r\nAdvanced materials and state of the art technology are combined with heritage craftsmanship to create a new standard in activewear. Every product tells a story of premium performance, reminding its wearer to push themselves physically without having to sacrifice comfort and style.\r\n\r\nBeyond our product offering, Rhone is founded on principles of progress and integrity. Just as we aim to become better as a company, we invite men everywhere to raise the bar and join us as we move Forever Forward.');

-- --------------------------------------------------------

--
-- Table structure for table `admins`
--

CREATE TABLE `admins` (
  `admin_id` int(10) NOT NULL,
  `admin_name` varchar(255) NOT NULL,
  `admin_email` varchar(255) NOT NULL,
  `admin_pass` varchar(255) NOT NULL,
  `admin_image` text NOT NULL,
  `admin_contact` varchar(255) NOT NULL,
  `admin_country` text NOT NULL,
  `admin_job` varchar(255) NOT NULL,
  `admin_about` text NOT NULL
) ENGINE=InnoDB DEFAULT CHARSET=latin1 COLLATE=latin1_swedish_ci;

--
-- Dumping data for table `admins`
--

INSERT INTO `admins` (`admin_id`, `admin_name`, `admin_email`, `admin_pass`, `admin_image`, `admin_contact`, `admin_country`, `admin_job`, `admin_about`) VALUES
(1, 'Administrator', 'safnas23@gmail.com', '1234', 'CV11.jpeg', '0094743750366', 'Sri Lanka', 'Front-End Developer ', 'Ahamed Safnas a computer engineering, I have an immense passion for utilizing advanced technology and intricate programming skills to solve multifaceted problems. My adeptness in challenging mathematical concepts, diverse algorithms, as well as data structures empowers me to search for opportunities that offer practical experience while refining my expertise.'),
(4, 'abdhullah', 'abdhullah@gmail.com', '12345', 'pfpbeige.jpg', '0094743750366', 'Sri Lanka', 'Back-End Developer', ' Experienced Back-End Developer'),
(5, 'farwes musharraf', 'musharraf@gmail.com', '4321', 'kernal.jpg', '0094743750366', 'australia', 'Full Stack developer', ' experienced Full Stack develope'),
(6, 'Ahamed Najman', 'najman22@gmail.com', '1234', 'naj.jpg', '0094743750366', 'Madagascar', 'Database Developer', ' Full Stack develope');

-- --------------------------------------------------------

--
-- Table structure for table `bundle_product_relation`
--

CREATE TABLE `bundle_product_relation` (
  `rel_id` int(10) NOT NULL,
  `rel_title` varchar(255) NOT NULL,
  `product_id` int(10) NOT NULL,
  `bundle_id` int(10) NOT NULL
) ENGINE=InnoDB DEFAULT CHARSET=latin1 COLLATE=latin1_swedish_ci;

-- --------------------------------------------------------

--
-- Table structure for table `cart`
--

CREATE TABLE `cart` (
  `p_id` int(10) NOT NULL,
  `ip_add` varchar(255) NOT NULL,
  `qty` int(10) NOT NULL,
  `p_price` varchar(255) NOT NULL,
  `size` text NOT NULL
) ENGINE=InnoDB DEFAULT CHARSET=latin1 COLLATE=latin1_swedish_ci;

-- --------------------------------------------------------

--
-- Table structure for table `categories`
--

CREATE TABLE `categories` (
  `cat_id` int(10) NOT NULL,
  `cat_title` text NOT NULL,
  `cat_top` text NOT NULL,
  `cat_image` text NOT NULL
) ENGINE=InnoDB DEFAULT CHARSET=latin1 COLLATE=latin1_swedish_ci;

--
-- Dumping data for table `categories`
--

INSERT INTO `categories` (`cat_id`, `cat_title`, `cat_top`, `cat_image`) VALUES
(2, 'Feminine', 'no', 'feminelg.png'),
(3, 'Kids', 'no', 'kidslg.jpg'),
(4, 'Others', 'yes', 'othericon.png'),
(5, 'Men', 'yes', 'malelg.png');

-- --------------------------------------------------------

--
-- Table structure for table `contact_us`
--

CREATE TABLE `contact_us` (
  `contact_id` int(10) NOT NULL,
  `contact_email` text NOT NULL,
  `contact_heading` text NOT NULL,
  `contact_desc` text NOT NULL
) ENGINE=InnoDB DEFAULT CHARSET=latin1 COLLATE=latin1_swedish_ci;

--
-- Dumping data for table `contact_us`
--

INSERT INTO `contact_us` (`contact_id`, `contact_email`, `contact_heading`, `contact_desc`) VALUES
(1, 'ecomstore@mail.com', 'Contact  To Us', 'If you have any questions, please feel free to contact us, our customer service center is working for you 24/7.');

-- --------------------------------------------------------

--
-- Table structure for table `coupons`
--

CREATE TABLE `coupons` (
  `coupon_id` int(10) NOT NULL,
  `product_id` int(10) NOT NULL,
  `coupon_title` varchar(255) NOT NULL,
  `coupon_price` varchar(255) NOT NULL,
  `coupon_code` varchar(255) NOT NULL,
  `coupon_limit` int(100) NOT NULL,
  `coupon_used` int(100) NOT NULL
) ENGINE=InnoDB DEFAULT CHARSET=latin1 COLLATE=latin1_swedish_ci;

--
-- Dumping data for table `coupons`
--

INSERT INTO `coupons` (`coupon_id`, `product_id`, `coupon_title`, `coupon_price`, `coupon_code`, `coupon_limit`, `coupon_used`) VALUES
(5, 8, 'Sale', '10', 'CASTRO', 2, 1);

-- --------------------------------------------------------

--
-- Table structure for table `customers`
--

CREATE TABLE `customers` (
  `customer_id` int(10) NOT NULL,
  `customer_name` varchar(255) NOT NULL,
  `customer_email` varchar(255) NOT NULL,
  `customer_pass` varchar(255) NOT NULL,
  `customer_country` text NOT NULL,
  `customer_city` text NOT NULL,
  `customer_contact` varchar(255) NOT NULL,
  `customer_address` text NOT NULL,
  `customer_image` text NOT NULL,
  `customer_ip` varchar(255) NOT NULL,
  `customer_confirm_code` text NOT NULL
) ENGINE=InnoDB DEFAULT CHARSET=latin1 COLLATE=latin1_swedish_ci;

--
-- Dumping data for table `customers`
--

INSERT INTO `customers` (`customer_id`, `customer_name`, `customer_email`, `customer_pass`, `customer_country`, `customer_city`, `customer_contact`, `customer_address`, `customer_image`, `customer_ip`, `customer_confirm_code`) VALUES
(7, 'ahamed safnas', 'safnas23@gmail.com', '1234', 'sri lanka', 'ampara', '45345436', 'kalmunai', 'CV11.jpeg', '::1', '850014136'),
(8, 'abdhullah', 'abdhullah@gmail.com', '12345', 'sri lanka', 'malwana', '43554754', 'malwana , Sri lanka', 'pfpbeige.jpg', '::1', '184096789'),
(9, 'ahamed najman', 'najman@gmail.com', 'naj123', 'sri lanka', 'colombo', '0775499001', 'eheliyagoda,borelesgamua', '137-1373869_black-panther-logo-cool-black-panther-wallpaper-hd.jpg', '::1', '660805219'),
(10, 'KHALID AL AMERI', 'khalid@gmail.com', 'khalid918918', 'UAE', 'dubai', '123', 'dubai kurukku santhu', 'khalid.jpeg', '::1', '69483427');

-- --------------------------------------------------------

--
-- Table structure for table `customer_orders`
--

CREATE TABLE `customer_orders` (
  `order_id` int(10) NOT NULL,
  `customer_id` int(10) NOT NULL,
  `due_amount` int(100) NOT NULL,
  `invoice_no` int(100) NOT NULL,
  `qty` int(10) NOT NULL,
  `size` text NOT NULL,
  `order_date` timestamp NOT NULL DEFAULT current_timestamp() ON UPDATE current_timestamp(),
  `order_status` text NOT NULL
) ENGINE=InnoDB DEFAULT CHARSET=latin1 COLLATE=latin1_swedish_ci;

--
-- Dumping data for table `customer_orders`
--

INSERT INTO `customer_orders` (`order_id`, `customer_id`, `due_amount`, `invoice_no`, `qty`, `size`, `order_date`, `order_status`) VALUES
(37, 9, 90, 1892884458, 1, 'Small', '2023-06-19 08:33:43', 'Complete'),
(38, 9, 75, 1250907904, 1, 'Small', '2023-06-19 08:29:07', 'pending'),
(39, 9, 225, 1693149008, 3, 'Medium', '2023-06-19 08:39:10', 'pending'),
(40, 10, 350, 1393099375, 2, 'Large', '2023-07-17 19:02:44', 'Complete');

-- --------------------------------------------------------

--
-- Table structure for table `enquiry_types`
--

CREATE TABLE `enquiry_types` (
  `enquiry_id` int(10) NOT NULL,
  `enquiry_title` varchar(255) NOT NULL
) ENGINE=InnoDB DEFAULT CHARSET=latin1 COLLATE=latin1_swedish_ci;

--
-- Dumping data for table `enquiry_types`
--

INSERT INTO `enquiry_types` (`enquiry_id`, `enquiry_title`) VALUES
(1, 'Order and Delivery Support'),
(2, 'Technical Support'),
(3, 'Price Concern');

-- --------------------------------------------------------

--
-- Table structure for table `manufacturers`
--

CREATE TABLE `manufacturers` (
  `manufacturer_id` int(10) NOT NULL,
  `manufacturer_title` text NOT NULL,
  `manufacturer_top` text NOT NULL,
  `manufacturer_image` text NOT NULL
) ENGINE=InnoDB DEFAULT CHARSET=latin1 COLLATE=latin1_swedish_ci;

--
-- Dumping data for table `manufacturers`
--

INSERT INTO `manufacturers` (`manufacturer_id`, `manufacturer_title`, `manufacturer_top`, `manufacturer_image`) VALUES
(2, 'Adidas', 'no', 'adilg.png'),
(3, 'Nike', 'no', 'niketransl.png'),
(4, 'Philip Plein', 'no', 'pplg.png'),
(5, 'Lacoste', 'no', 'lacostelg.png'),
(7, 'Polo', 'no', 'polobn.jpg'),
(8, 'Gildan 1800', 'no', 'sample_img360.png');

-- --------------------------------------------------------

--
-- Table structure for table `payments`
--

CREATE TABLE `payments` (
  `payment_id` int(10) NOT NULL,
  `invoice_no` int(10) NOT NULL,
  `amount` int(10) NOT NULL,
  `payment_mode` text NOT NULL,
  `ref_no` int(10) NOT NULL,
  `code` int(10) NOT NULL,
  `payment_date` text NOT NULL
) ENGINE=InnoDB DEFAULT CHARSET=latin1 COLLATE=latin1_swedish_ci;

--
-- Dumping data for table `payments`
--

INSERT INTO `payments` (`payment_id`, `invoice_no`, `amount`, `payment_mode`, `ref_no`, `code`, `payment_date`) VALUES
(2, 1607603019, 447, 'UBL/Omni', 5678, 33, '11/1/2016'),
(26, 1, 90, 'Bank Code', 141323, 0, '19-06-2023'),
(27, 1393099375, 350, 'UBL/Omni', 2147483647, 67672637, '17-07-2023');

-- --------------------------------------------------------

--
-- Table structure for table `pending_orders`
--

CREATE TABLE `pending_orders` (
  `order_id` int(10) NOT NULL,
  `customer_id` int(10) NOT NULL,
  `invoice_no` int(10) NOT NULL,
  `product_id` int(11) NOT NULL,
  `qty` int(10) NOT NULL,
  `size` text NOT NULL,
  `order_status` text NOT NULL
) ENGINE=InnoDB DEFAULT CHARSET=latin1 COLLATE=latin1_swedish_ci;

--
-- Dumping data for table `pending_orders`
--

INSERT INTO `pending_orders` (`order_id`, `customer_id`, `invoice_no`, `product_id`, `qty`, `size`, `order_status`) VALUES
(37, 9, 1892884458, 13, 1, 'Small', 'Complete'),
(38, 9, 1250907904, 15, 1, 'Small', 'pending'),
(39, 9, 1693149008, 15, 3, 'Medium', 'pending'),
(40, 10, 1393099375, 17, 2, 'Large', 'Complete');

-- --------------------------------------------------------

--
-- Table structure for table `products`
--

CREATE TABLE `products` (
  `product_id` int(10) NOT NULL,
  `p_cat_id` int(10) NOT NULL,
  `cat_id` int(10) NOT NULL,
  `manufacturer_id` int(10) NOT NULL,
  `date` timestamp NOT NULL DEFAULT current_timestamp() ON UPDATE current_timestamp(),
  `product_title` text NOT NULL,
  `product_url` text NOT NULL,
  `product_img1` text NOT NULL,
  `product_img2` text NOT NULL,
  `product_img3` text NOT NULL,
  `product_price` int(10) NOT NULL,
  `product_psp_price` int(100) NOT NULL,
  `product_desc` text NOT NULL,
  `product_features` text NOT NULL,
  `product_video` text NOT NULL,
  `product_keywords` text NOT NULL,
  `product_label` text NOT NULL,
  `status` varchar(255) NOT NULL
) ENGINE=InnoDB DEFAULT CHARSET=latin1 COLLATE=latin1_swedish_ci;

--
-- Dumping data for table `products`
--

INSERT INTO `products` (`product_id`, `p_cat_id`, `cat_id`, `manufacturer_id`, `date`, `product_title`, `product_url`, `product_img1`, `product_img2`, `product_img3`, `product_price`, `product_psp_price`, `product_desc`, `product_features`, `product_video`, `product_keywords`, `product_label`, `status`) VALUES
(5, 7, 5, 5, '2021-09-14 09:13:25', 'Denim Borg Lined Western Jacket', 'product-url-5', 'Next-Denim-Borg-Lined-Western-Jacket-0463-0064553-1-pdp_slider_l.jpg', 'Next-Denim-Borg-Lined-Western-Jacket-0463-0064553-2-pdp_slider_l.jpg', 'Next-Denim-Borg-Lined-Western-Jacket-0465-0064553-3-pdp_slider_l.jpg', 259, 100, '\r\n<p>This is a sample product description. This is a sample product description. This is a sample product description. This is a sample product description. This is a sample product description. This is a sample product description. This is a sample product description. This is a sample product description. This is a sample product description. This is a sample product description. This is a sample product description. This is a sample product description. This is a sample product description. This is a sample product description. This is a sample product description. This is a sample product description. This is a sample product description. This is a sample product description. This is a sample product description. This is a sample product description.</p>\r\n', '\r\nIt is a long established fact that a reader will be distracted by the readable content of a page when looking at its layout. The point of using Lorem Ipsum is that it has a more-or-less normal distribution of letters,\r\n', '\r\n<iframe width=\"854\" height=\"480\" src=\"https://www.youtube.com/embed/qRswlmADRa8\" frameborder=\"0\" allowfullscreen></iframe>\r\n', 'Jackets', 'Gift', 'product'),
(8, 4, 2, 4, '2021-09-14 10:13:02', 'Sleeveless Flaux Fur Hybrid Coat', 'product-url-8', 'Black Blouse Versace Coat1.jpg', 'Black Blouse Versace Coat2.jpg', 'Black Blouse Versace Coat3.jpg', 245, 100, '\r\n\r\n\r\n<p>This is a sample product description. This is a sample product description. This is a sample product description. This is a sample product description. This is a sample product description. This is a sample product description. This is a sample product description. This is a sample product description. This is a sample product description. This is a sample product description. This is a sample product description. This is a sample product description. This is a sample product description. This is a sample product description. This is a sample product description. This is a sample product description. This is a sample product description. This is a sample product description. This is a sample product description. This is a sample product description.</p>\r\n\r\n\r\n', '\r\n\r\n\r\nIt is a long established fact that a reader will be distracted by the readable content of a page when looking at its layout. The point of using Lorem Ipsum is that it has a more-or-less normal distribution of letters,\r\n\r\n\r\n', '\r\n\r\n\r\n<iframe width=\"854\" height=\"480\" src=\"https://www.youtube.com/embed/qRswlmADRa8\" frameborder=\"0\" allowfullscreen></iframe>\r\n\r\n\r\n', 'Coats', 'New', 'product'),
(9, 5, 4, 7, '2021-09-14 17:06:30', 'Long Sleeves Polo Shirt for Men', 'product-url-9', 'product-1.jpg', 'product-2.jpg', 'product-3.jpg', 50, 35, '\r\n\r\n\r\n\r\n<p>This is a sample product description. This is a sample product description. This is a sample product description. This is a sample product description. This is a sample product description. This is a sample product description. This is a sample product description. This is a sample product description. This is a sample product description. This is a sample product description. This is a sample product description. This is a sample product description. This is a sample product description. This is a sample product description. This is a sample product description. This is a sample product description. This is a sample product description. This is a sample product description. This is a sample product description. This is a sample product description.</p>\r\n\r\n\r\n\r\n', '\r\n\r\n\r\n\r\nIt is a long established fact that a reader will be distracted by the readable content of a page when looking at its layout. The point of using Lorem Ipsum is that it has a more-or-less normal distribution of letters,\r\n\r\n\r\n\r\n', '\r\n\r\n\r\n\r\n<iframe width=\"854\" height=\"480\" src=\"https://www.youtube.com/embed/qRswlmADRa8\" frameborder=\"0\" allowfullscreen></iframe>\r\n\r\n\r\n\r\n', 'T-Shirt', 'Sale', 'product'),
(12, 8, 5, 2, '2021-05-25 09:15:09', 'Ultraboost 21 PrimeBlue Shoes', 'ultraboost-21-adidas', 'Ultraboost_21.jpg', 'Ultraboost_21_2.jpg', 'Ultraboost_21_3.jpg', 150, 180, '\r\n\r\nThis product is made with Primeblue, a high-performance recycled material made in part with Parley Ocean Plastic. 50% of the upper is textile, 92% of the textile is Primeblue yarn. No virgin polyester.', '\r\n\r\nComfortable and responsive, Ultraboost became our first shoe to be as popular in streetwear style as it is in performance running.', '\r\nhttps://assets.adidas.com/videos/q_auto,f_auto,g_auto/599fff35a3cf432aa9bbac7c0091316f_d98c/Ultraboost_21_Primeblue_Shoes_Blue_FX7729_video.mp4\r\n', 'sneakers adidas ultraboost shoes', 'New', 'product'),
(13, 9, 2, 3, '2021-09-14 16:26:51', 'Nike Sportswear Essential Collection', 'nike-sportswear-essen-col', 'nike-s.jpg', 'nike-s2.jpg', 'nike-s02.jpg', 90, 85, '\r\n\r\nThis is a sample text. This is a sample text. This is a sample text. This is a sample text. This is a sample text. This is a sample text. This is a sample text. This is a sample text. This is a sample text. This is a sample text. This is a sample text. This is a sample text.\r\n\r\n\r\n\r\n', '\r\n\r\n\r\nThis is a sample text. This is a sample text. This is a sample text.This is a sample text. This is a sample text. This is a sample text.This is a sample text. This is a sample text. This is a sample text.This is a sample text. This is a sample text. This is a sample text.\r\n\r\n', '\r\n\r\n\r\nThis is a sample text. This is a sample text. This is a sample text.\r\n\r\n\r\n', 'nike sportswear', 'Featured', 'product'),
(15, 5, 5, 8, '2021-09-15 03:46:42', 'Gildan 1800 Ultra Cotton Polo Shirt', 'cotton-polo-shirt', 'g18bulk.jpg', 'g18bulk2.jpg', 'g18bulk3.jpg', 88, 75, '\r\nTHIS IS A DEMO DESCRIPTION\r\n', '\r\n\r\nDEMO FEATURES\r\n\r\n', '\r\n\r\n\r\n\r\n', 'polo shirt', 'Sale', 'bundle'),
(16, 8, 5, 3, '2023-07-11 17:14:13', 'NIKE-PANDA', 'nike-panda', 'nike23.jpg', 'a1.webp', '28.webp', 125, 99, '\r\n\r\n\r\n\r\n\r\nCreated for the hardwood but taken to the streets, the 80s b-ball icon returns with perfectly sheened overlays and original university colors. With its classic hoops design, the Nike Dunk High Retro channels 80s vintage back onto the streets while its padded, high-top collar adds an old-school look rooted in comfort.\r\n\r\n\r\n\r\n\r\n', '\r\n\r\n\r\n\r\n\r\n\r\n\r\n\r\n\r\n\r\n', '\r\n\r\n\r\n\r\n\r\n\r\n\r\n\r\n\r\n\r\n', 'trending sneakers adidas ', 'New', 'product'),
(17, 5, 5, 4, '2023-07-11 17:10:33', 'FORTE LINEN SHIRT', 'forte-linen-shirt', 'trr_1_840x840.jpg', '27_1_840x840.webp', '272.webp', 175, 129, '\r\n\r\n\r\nMade in Bergamo, in Northern Italy, by skilled artisans with the finest Italian pure linen and mother of pearl buttons\r\n\r\n\r\n\r\n\r\n', '\r\n\r\n\r\n\r\n\r\n\r\n\r\n\r\n', '\r\n\r\n\r\n\r\n\r\n\r\n\r\n\r\n', 'The Forte linen shirt', 'New', 'product');

-- --------------------------------------------------------

--
-- Table structure for table `product_categories`
--

CREATE TABLE `product_categories` (
  `p_cat_id` int(10) NOT NULL,
  `p_cat_title` text NOT NULL,
  `p_cat_top` text NOT NULL,
  `p_cat_image` text NOT NULL
) ENGINE=InnoDB DEFAULT CHARSET=latin1 COLLATE=latin1_swedish_ci;

--
-- Dumping data for table `product_categories`
--

INSERT INTO `product_categories` (`p_cat_id`, `p_cat_title`, `p_cat_top`, `p_cat_image`) VALUES
(4, 'Coats', 'no', 'coaticn.png'),
(5, 'T-Shirts', 'no', 'tshirticn.png'),
(6, 'Sweater', 'no', 'sweatericn.png'),
(7, 'jackets', 'yes', 'jacketicn.png'),
(8, 'Sneakers', 'yes', 'sneakericn.png'),
(9, 'Trousers', 'no', 'trousericn.png');

-- --------------------------------------------------------

--
-- Table structure for table `store`
--

CREATE TABLE `store` (
  `store_id` int(10) NOT NULL,
  `store_title` varchar(255) NOT NULL,
  `store_image` varchar(255) NOT NULL,
  `store_desc` text NOT NULL,
  `store_button` varchar(255) NOT NULL,
  `store_url` varchar(255) NOT NULL
) ENGINE=InnoDB DEFAULT CHARSET=latin1 COLLATE=latin1_swedish_ci;

--
-- Dumping data for table `store`
--

INSERT INTO `store` (`store_id`, `store_title`, `store_image`, `store_desc`, `store_button`, `store_url`) VALUES
(4, 'Nolimit ', 'nolimit.jpg', '<p style=\"text-align: center;\"><strong>40 D. S. Senanayake Mawatha, Colombo 00800, Sri Lanka</strong></p>\r\n<p>NOLIMIT is a leading retail fashion chain in Sri Lanka and has now grown to be the largest fashion chain in the country employing over 1800 passionate people with 24 Ultra Modern Showrooms across the island and along with 16 Support Service Departments.</p>', 'View Map', 'https://goo.gl/maps/1aJiXNVvHSzGnSVT8'),
(5, 'ZellBury Store', 'store (1).jpg', '<p style=\"text-align: center;\"><strong>F-22, 1st Floor Lucky One Mall LA-2/B, Block 21 Gulberg Town, Karachi, Karachi City, Sindh, Pakistan</strong></p>\r\n<p> Zellbury is a unique fashion business that sells clothing for women at reasonable pricing. You can choose from a variety of collections ranging from casual to semi-formal to formal.</p>', 'View Map', 'https://goo.gl/maps/w1PDVSkWvjAoiSxu6'),
(6, 'Paris Store', 'store (2).jpg', '<p style=\"text-align: center;\"><strong>2133 RUE SAINT-HONORE, 75001 PARIS&nbsp;</strong></p>\r\n<p>Lorem ipsum dolor sit amet, consectetur adipiscing elit. Ut libero erat, aliquet eget mauris ut, dictum sagittis libero. Nam at dui dapibus, semper dolor ac, malesuada mi. Duis quis lobortis arcu. Vivamus sed sodales orci, non varius dolor.</p>', 'View Map', 'http://www.thedailylux.com/ecommerce');

-- --------------------------------------------------------

--
-- Table structure for table `terms`
--

CREATE TABLE `terms` (
  `term_id` int(10) NOT NULL,
  `term_title` varchar(100) NOT NULL,
  `term_link` varchar(100) NOT NULL,
  `term_desc` text NOT NULL
) ENGINE=InnoDB DEFAULT CHARSET=latin1 COLLATE=latin1_swedish_ci;

--
-- Dumping data for table `terms`
--

INSERT INTO `terms` (`term_id`, `term_title`, `term_link`, `term_desc`) VALUES
(1, 'Rules And Regulations', 'rules', '<p>Contrary to popular belief, Lorem Ipsum is not simply random text. It has roots in a piece of classical Latin literature from 45 BC, making it over 2000 years old. Richard McClintock, a Latin professor at Hampden-Sydney College in Virginia, looked up one of the more obscure Latin words, consectetur, from a Lorem Ipsum passage, and going through the cites of the word in classical literature, discovered the undoubtable source. Lorem Ipsum comes from sections 1.10.32 and 1.10.33 of \"de Finibus Bonorum et Malorum\" (The Extremes of Good and Evil) by Cicero, written in 45 BC. This book is a treatise on the theory of ethics, very popular during the Renaissance.&nbsp;</p>'),
(2, 'Refund Policy', 'link2', 'It is a long established fact that a reader will be distracted by the readable content of a page when looking at its layout. The point of using Lorem Ipsum is that it has a more-or-less normal distribution of letters, as opposed to using \'Content here, content here\', making it look like readable English. Many desktop publishing packages and web page editors now use Lorem Ipsum as their default model text, and a search for \'lorem ipsum\' will uncover many web sites still in their infancy. Various versions have evolved over the years, sometimes by accident, sometimes on purpose (injected humour and the like).Why do we use it?It is a long established fact that a reader will be distracted by the readable content of a page when looking at its layout. The point of using Lorem Ipsum is that it has a more-or-less normal distribution of letters, as opposed to using \'Content here, content here\', making it look like readable English. Many desktop publishing packages and web page editors now use Lorem Ipsum as their default model text, and a search for \'lorem ipsum\' will uncover many web sites still in their infancy. Various versions have evolved over the years, sometimes by accident, sometimes on'),
(3, 'Pricing and Promotions Policy', 'link3', 'It is a long established fact that a reader will be distracted by the readable content of a page when looking at its layout. The point of using Lorem Ipsum is that it has a more-or-less normal distribution of letters, as opposed to using \'Content here, content here\', making it look like readable English. Many desktop publishing packages and web page editors now use Lorem Ipsum as their default model text, and a search for \'lorem ipsum\' will uncover many web sites still in their infancy. Various versions have evolved over the years, sometimes by accident, sometimes on purpose (injected humour and the like).Why do we use it?It is a long established fact that a reader will be distracted by the readable content of a page when looking at its layout. The point of using Lorem Ipsum is that it has a more-or-less normal distribution of letters, as opposed to using \'Content here, content here\', making it look like readable English. Many desktop publishing packages and web page editors now use Lorem Ipsum as their default model text, and a search for \'lorem ipsum\' will uncover many web sites still in their infancy. Various versions have evolved over the years, sometimes by accident, sometimes on');

-- --------------------------------------------------------

--
-- Table structure for table `wishlist`
--

CREATE TABLE `wishlist` (
  `wishlist_id` int(10) NOT NULL,
  `customer_id` int(10) NOT NULL,
  `product_id` int(10) NOT NULL
) ENGINE=InnoDB DEFAULT CHARSET=latin1 COLLATE=latin1_swedish_ci;

--
-- Indexes for dumped tables
--

--
-- Indexes for table `about_us`
--
ALTER TABLE `about_us`
  ADD PRIMARY KEY (`about_id`);

--
-- Indexes for table `admins`
--
ALTER TABLE `admins`
  ADD PRIMARY KEY (`admin_id`);

--
-- Indexes for table `bundle_product_relation`
--
ALTER TABLE `bundle_product_relation`
  ADD PRIMARY KEY (`rel_id`),
  ADD KEY `product_id` (`product_id`);

--
-- Indexes for table `cart`
--
ALTER TABLE `cart`
  ADD PRIMARY KEY (`p_id`);

--
-- Indexes for table `categories`
--
ALTER TABLE `categories`
  ADD PRIMARY KEY (`cat_id`);

--
-- Indexes for table `contact_us`
--
ALTER TABLE `contact_us`
  ADD PRIMARY KEY (`contact_id`);

--
-- Indexes for table `coupons`
--
ALTER TABLE `coupons`
  ADD PRIMARY KEY (`coupon_id`),
  ADD KEY `product_id` (`product_id`);

--
-- Indexes for table `customers`
--
ALTER TABLE `customers`
  ADD PRIMARY KEY (`customer_id`);

--
-- Indexes for table `customer_orders`
--
ALTER TABLE `customer_orders`
  ADD PRIMARY KEY (`order_id`),
  ADD KEY `customer_id` (`customer_id`);

--
-- Indexes for table `enquiry_types`
--
ALTER TABLE `enquiry_types`
  ADD PRIMARY KEY (`enquiry_id`);

--
-- Indexes for table `manufacturers`
--
ALTER TABLE `manufacturers`
  ADD PRIMARY KEY (`manufacturer_id`);

--
-- Indexes for table `payments`
--
ALTER TABLE `payments`
  ADD PRIMARY KEY (`payment_id`);

--
-- Indexes for table `pending_orders`
--
ALTER TABLE `pending_orders`
  ADD PRIMARY KEY (`order_id`),
  ADD KEY `customer_id` (`customer_id`),
  ADD KEY `product_id` (`product_id`);

--
-- Indexes for table `products`
--
ALTER TABLE `products`
  ADD PRIMARY KEY (`product_id`),
  ADD KEY `manufacturer_id` (`manufacturer_id`),
  ADD KEY `cat_id` (`cat_id`),
  ADD KEY `p_cat_id` (`p_cat_id`);

--
-- Indexes for table `product_categories`
--
ALTER TABLE `product_categories`
  ADD PRIMARY KEY (`p_cat_id`);

--
-- Indexes for table `store`
--
ALTER TABLE `store`
  ADD PRIMARY KEY (`store_id`);

--
-- Indexes for table `terms`
--
ALTER TABLE `terms`
  ADD PRIMARY KEY (`term_id`);

--
-- Indexes for table `wishlist`
--
ALTER TABLE `wishlist`
  ADD PRIMARY KEY (`wishlist_id`),
  ADD KEY `customer_id` (`customer_id`),
  ADD KEY `product_id` (`product_id`);

--
-- AUTO_INCREMENT for dumped tables
--

--
-- AUTO_INCREMENT for table `about_us`
--
ALTER TABLE `about_us`
  MODIFY `about_id` int(10) NOT NULL AUTO_INCREMENT, AUTO_INCREMENT=2;

--
-- AUTO_INCREMENT for table `admins`
--
ALTER TABLE `admins`
  MODIFY `admin_id` int(10) NOT NULL AUTO_INCREMENT, AUTO_INCREMENT=7;

--
-- AUTO_INCREMENT for table `bundle_product_relation`
--
ALTER TABLE `bundle_product_relation`
  MODIFY `rel_id` int(10) NOT NULL AUTO_INCREMENT;

--
-- AUTO_INCREMENT for table `categories`
--
ALTER TABLE `categories`
  MODIFY `cat_id` int(10) NOT NULL AUTO_INCREMENT, AUTO_INCREMENT=6;

--
-- AUTO_INCREMENT for table `contact_us`
--
ALTER TABLE `contact_us`
  MODIFY `contact_id` int(10) NOT NULL AUTO_INCREMENT, AUTO_INCREMENT=2;

--
-- AUTO_INCREMENT for table `coupons`
--
ALTER TABLE `coupons`
  MODIFY `coupon_id` int(10) NOT NULL AUTO_INCREMENT, AUTO_INCREMENT=7;

--
-- AUTO_INCREMENT for table `customers`
--
ALTER TABLE `customers`
  MODIFY `customer_id` int(10) NOT NULL AUTO_INCREMENT, AUTO_INCREMENT=11;

--
-- AUTO_INCREMENT for table `customer_orders`
--
ALTER TABLE `customer_orders`
  MODIFY `order_id` int(10) NOT NULL AUTO_INCREMENT, AUTO_INCREMENT=41;

--
-- AUTO_INCREMENT for table `enquiry_types`
--
ALTER TABLE `enquiry_types`
  MODIFY `enquiry_id` int(10) NOT NULL AUTO_INCREMENT, AUTO_INCREMENT=4;

--
-- AUTO_INCREMENT for table `manufacturers`
--
ALTER TABLE `manufacturers`
  MODIFY `manufacturer_id` int(10) NOT NULL AUTO_INCREMENT, AUTO_INCREMENT=9;

--
-- AUTO_INCREMENT for table `payments`
--
ALTER TABLE `payments`
  MODIFY `payment_id` int(10) NOT NULL AUTO_INCREMENT, AUTO_INCREMENT=28;

--
-- AUTO_INCREMENT for table `pending_orders`
--
ALTER TABLE `pending_orders`
  MODIFY `order_id` int(10) NOT NULL AUTO_INCREMENT, AUTO_INCREMENT=41;

--
-- AUTO_INCREMENT for table `products`
--
ALTER TABLE `products`
  MODIFY `product_id` int(10) NOT NULL AUTO_INCREMENT, AUTO_INCREMENT=18;

--
-- AUTO_INCREMENT for table `product_categories`
--
ALTER TABLE `product_categories`
  MODIFY `p_cat_id` int(10) NOT NULL AUTO_INCREMENT, AUTO_INCREMENT=10;

--
-- AUTO_INCREMENT for table `store`
--
ALTER TABLE `store`
  MODIFY `store_id` int(10) NOT NULL AUTO_INCREMENT, AUTO_INCREMENT=7;

--
-- AUTO_INCREMENT for table `terms`
--
ALTER TABLE `terms`
  MODIFY `term_id` int(10) NOT NULL AUTO_INCREMENT, AUTO_INCREMENT=4;

--
-- AUTO_INCREMENT for table `wishlist`
--
ALTER TABLE `wishlist`
  MODIFY `wishlist_id` int(10) NOT NULL AUTO_INCREMENT, AUTO_INCREMENT=8;

--
-- Constraints for dumped tables
--

--
-- Constraints for table `bundle_product_relation`
--
ALTER TABLE `bundle_product_relation`
  ADD CONSTRAINT `bundle_product_relation_ibfk_1` FOREIGN KEY (`product_id`) REFERENCES `products` (`product_id`);

--
-- Constraints for table `coupons`
--
ALTER TABLE `coupons`
  ADD CONSTRAINT `coupons_ibfk_1` FOREIGN KEY (`product_id`) REFERENCES `products` (`product_id`);

--
-- Constraints for table `customer_orders`
--
ALTER TABLE `customer_orders`
  ADD CONSTRAINT `customer_orders_ibfk_1` FOREIGN KEY (`customer_id`) REFERENCES `customers` (`customer_id`);

--
-- Constraints for table `pending_orders`
--
ALTER TABLE `pending_orders`
  ADD CONSTRAINT `pending_orders_ibfk_1` FOREIGN KEY (`customer_id`) REFERENCES `customers` (`customer_id`),
  ADD CONSTRAINT `pending_orders_ibfk_2` FOREIGN KEY (`product_id`) REFERENCES `products` (`product_id`);

--
-- Constraints for table `products`
--
ALTER TABLE `products`
  ADD CONSTRAINT `products_ibfk_1` FOREIGN KEY (`manufacturer_id`) REFERENCES `manufacturers` (`manufacturer_id`),
  ADD CONSTRAINT `products_ibfk_2` FOREIGN KEY (`cat_id`) REFERENCES `categories` (`cat_id`),
  ADD CONSTRAINT `products_ibfk_3` FOREIGN KEY (`p_cat_id`) REFERENCES `product_categories` (`p_cat_id`);

--
-- Constraints for table `wishlist`
--
ALTER TABLE `wishlist`
  ADD CONSTRAINT `wishlist_ibfk_1` FOREIGN KEY (`customer_id`) REFERENCES `customers` (`customer_id`),
  ADD CONSTRAINT `wishlist_ibfk_2` FOREIGN KEY (`product_id`) REFERENCES `products` (`product_id`);
COMMIT;

/*!40101 SET CHARACTER_SET_CLIENT=@OLD_CHARACTER_SET_CLIENT */;
/*!40101 SET CHARACTER_SET_RESULTS=@OLD_CHARACTER_SET_RESULTS */;
/*!40101 SET COLLATION_CONNECTION=@OLD_COLLATION_CONNECTION */;
